{"type": "block", "layer": 0, "block": 3, "features": [{"geom": {"lines": [[2254.1119629796594, 2898.4210746912286, -346.5160827636719, 2206.9570266809314, 2881.604258853942, -350.53729248046875, 2202.0478371363133, 2858.7024678131565, -351.672119140625, 2175.275499600917, 2849.814672843553, -354.0389709472656, 2142.1022913455963, 2836.353923331015, -357.1171875, 2127.3190629668534, 2831.5596892479807, -358.464111328125, 2105.4225191287696, 2810.667925800197, -361.0466003417969, 2076.8579377904534, 2794.312276161276, -363.44586181640625, 2045.1096190158278, 2758.4848538236693, -366.5384521484375, 2030.7494047041982, 2741.096718514338, -367.94012451171875, 2025.528520585969, 2727.5992736816406, -368.71221923828125, 2004.8230952993035, 2708.109151034616, -370.457763671875]]}, "mtl": {"idx": 0}}, {"geom": {"lines": [[1844.6454799957573, 3041.642034138553, -369.78607177734375, 1791.7464579697698, 2998.7879595216364, -375.65997314453125, 1787.4161297790706, 2992.831925150007, -376.15771484375, 1786.5144419036806, 2980.661713909358, -376.4554443359375, 1800.2957948632538, 2928.4037748351693, -376.27447509765625]]}, "mtl": {"idx": 0}}, {"geom": {"lines": [[1190.4430965017527, 2010.3313459949568, -460.4001159667969, 1195.8309598565102, 2056.425138174556, -458.75750732421875, 1186.2797475475818, 2208.112464275211, -456.896484375, 1188.6619846485555, 2366.348254427314, -453.7662658691406, 1157.0138534177095, 2405.17937515676, -456.9830322265625, 1173.1440476328135, 2614.181070576422, -452.5285339355469, 1234.6480662953109, 2952.762496482581, -447.6358642578125, 1204.7921788655221, 3014.8674304932356, -452.8291015625, 1192.8475975040346, 3164.1572726778686, -461.3077087402344, 1203.912754887715, 3203.6007928149775, -461.86700439453125]]}, "mtl": {"idx": 0}}, {"geom": {"lines": [[1286.7344560381025, 1969.6952790543437, -448.4807434082031, 1289.5842350013554, 2164.5069034053013, -444.5650939941406, 1281.825266495347, 2258.8722177641466, -443.8279724121094, 1294.3598411586136, 2358.5857405513525, -440.07586669921875, 1296.4526475854218, 2436.672179374844, -437.9059753417969, 1288.3931164499372, 2525.1956495596096, -436.9290466308594, 1292.5675973556936, 2632.0852191429585, -433.7625732421875, 1302.1299416162074, 2741.3733057379723, -432.72503662109375, 1323.3251726608723, 2870.0611579110846, -433.2296142578125, 1320.9318036101758, 2911.568456431851, -434.7781677246094, 1316.1561974547803, 2944.5568628134206, -436.3865661621094, 1323.3251726608723, 3048.4647780433297, -438.4573059082031]]}, "mtl": {"idx": 0}}, {"geom": {"lines": [[1323.3251726608723, 3048.4647780433297, -438.4573059082031, 1379.4635918680578, 3068.7670855382457, -431.9404296875, 1414.6962107047439, 3054.144255787134, -426.6281433105469]]}, "mtl": {"idx": 0}}, {"geom": {"lines": [[1400.9482535924762, 2436.76437160559, -423.5233459472656, 1296.4526475854218, 2436.672179374844, -437.9059753417969]]}, "mtl": {"idx": 0}}, {"geom": {"lines": [[1414.6962107047439, 3054.144255787134, -426.6281433105469, 1424.2474230155349, 3032.0348829906434, -424.30047607421875, 1404.5438731443137, 2728.0786907300353, -416.5170593261719, 1396.1837793849409, 2696.4372270898893, -416.6195068359375, 1401.5493788421154, 2594.9124899469316, -418.10699462890625, 1399.167141739279, 2473.1066321274266, -422.5505676269531, 1400.9482535924762, 2436.76437160559, -423.5233459472656, 1406.336116945371, 2327.388254796155, -426.51708984375]]}, "mtl": {"idx": 0}}, {"geom": {"lines": [[1494.7126606870443, 2255.7377521740273, -416.799560546875, 1458.878916600719, 2263.500166268088, -421.29229736328125, 1427.8319106195122, 2254.5392803596333, -425.4393310546875, 1392.5992917828262, 2224.0797185227275, -430.43341064453125, 1371.693491410464, 2197.2156612519175, -433.5201110839844, 1369.3112543094903, 2167.346328043379, -434.3123474121094, 1381.2558356709778, 2129.7332522505894, -433.3898010253906, 1381.8458289708942, 2081.352771619335, -434.0923156738281, 1380.0535851698369, 2024.030393297784, -435.24981689453125, 1383.6380727738142, 1932.2306306781247, -436.2532043457031]]}, "mtl": {"idx": 0}}, {"geom": {"lines": [[1504.9651857893914, 1898.5089096873999, -421.7871398925781, 1496.5049044881016, 1950.5757490815595, -421.65606689453125, 1499.4882668424398, 2196.607210760005, -417.1717529296875, 1494.7126606870443, 2255.7377521740273, -416.799560546875, 1498.8871415928006, 2331.573726022616, -414.5485534667969, 1497.6960230395198, 2373.9632694208995, -413.4467468261719, 1500.0893920939416, 2427.7110995147377, -411.5611572265625, 1498.8871415928006, 2518.4839836768806, -409.0290832519531, 1500.0893920939416, 2620.597794807516, -405.87567138671875, 1514.4162105582654, 2940.6845442308113, -407.72991943359375, 1516.2084543593228, 3074.4465776951984, -409.7567443847656, 1537.1142547298223, 3147.8931008018553, -404.5823974609375, 1532.628079250455, 3170.279395826161, -404.9088134765625]]}, "mtl": {"idx": 0}}, {"geom": {"lines": [[1709.3922986835241, 3050.6960009606555, -382.70556640625, 1764.0279047619551, 3072.3444275297225, -376.89361572265625, 1850.1112669948488, 3116.8216172009706, -366.5064392089844]]}, "mtl": {"idx": 0}}, {"geom": {"lines": [[2134.120683854446, 2617.8872813573107, -365.2712707519531, 2220.2485738806427, 2548.170240769163, -360.0171813964844]]}, "mtl": {"idx": 0}}], "featureCount": 11, "startIndex": 150}